ZIP Code,ZIP Code Type,City,City Type,State,State Code,Area Code,Latitude,Longitude
00501,U,Holtsville,D,New York,NY,631,40.8147,-73.0451
00544,U,Holtsville,D,New York,NY,631,40.8128,-73.0480
00601,S,Adjuntas,D,Puerto Rico,PR,787,18.1650,-66.7240
00601,S,Jard de Adjuntas,N,Puerto Rico,PR,787,18.1650,-66.7240
00601,S,Urb San Joaquin,N,Puerto Rico,PR,787,18.1650,-66.7240
00602,S,Aguada,D,Puerto Rico,PR,787,18.3825,-67.1871
00602,S,Alts de Aguada,N,Puerto Rico,PR,787,18.3825,-67.1871
00602,S,Comunidad Las Flores,N,Puerto Rico,PR,787,18.3825,-67.1871
00602,S,Ext Los Robles,N,Puerto Rico,PR,787,18.3825,-67.1871